{
    "Spain": 2.4270110956232736,
    "Germany": 2.135222174877264,
    "France": 2.0378683224109526,
    "Argentina": 1.9444844319478423,
    "Netherlands": 1.8999012135021864,
    "Brazil": 1.8520348521414869,
    "Switzerland": 1.7631037442689206,
    "Norway": 1.7621557562711065,
    "Colombia": 1.705050467284336,
    "Portugal": 1.5951083594333049,
    "Sweden": 1.5696315182068663,
    "England": 1.5040111990713216,
    "Iran": 1.4546227983458957,
    "Austria": 1.403088007914539,
    "Croatia": 1.3819341702603403,
    "Japan": 1.3501128965066034,
    "Turkey": 1.3191230994514878,
    "Uruguay": 1.313021128570753,
    "Jordan": 1.2665465164560794,
    "Mexico": 1.2570123694570674,
    "South Korea": 1.2361829694873485,
    "Senegal": 1.2222947059702054,
    "Czechia": 1.1956263302460113,
    "Algeria": 1.1923221442821577,
    "Paraguay": 1.1778990435795877,
    "Belgium": 1.167423967731673,
    "Ivory Coast": 1.1288727636983125,
    "Panama": 1.0500493250257827,
    "Morocco": 1.0406190055026643,
    "Ecuador": 1.021753573139657,
    "Canada": 0.9981592755657513,
    "Scotland": 0.9957225305016599,
    "Qatar": 0.973612646033735,
    "United States": 0.9637095627737947,
    "Australia": 0.9520991373425292,
    "Ghana": 0.8794665448896337,
    "Bosnia and Herzegovina": 0.8717040804164359,
    "Tunisia": 0.8013115829325169,
    "Uzbekistan": 0.7787495164486542,
    "Cape Verde": 0.7455758266538786,
    "Egypt": 0.6885195752812729,
    "South Africa": 0.6174876252401122,
    "Saudi Arabia": 0.5855511058731389,
    "Iraq": 0.5270648901808314,
    "DR Congo": 0.5191789952487611,
    "Cura\u00e7ao": 0.5101547908059392,
    "New Zealand": 0.5049518800016386,
    "Haiti": 0.4805635672597922
}