{
    "Argentina": 0.5224030995509985,
    "England": 0.5253199963343076,
    "France": 0.5563777019761792,
    "Uruguay": 0.6095769228691965,
    "Spain": 0.6565380217629789,
    "Morocco": 0.6820958647365039,
    "Colombia": 0.683971758899783,
    "South Africa": 0.7967948548895751,
    "Brazil": 0.8500863621197036,
    "Senegal": 0.8691493055349268,
    "Ecuador": 0.8972390635579467,
    "Portugal": 0.9173707665133057,
    "Belgium": 0.9265118600943604,
    "Algeria": 0.9396183435296507,
    "Germany": 0.9574322195770222,
    "Canada": 1.0022867627289018,
    "United States": 1.0335821080016956,
    "Netherlands": 1.03622216402789,
    "Australia": 1.0591668905966447,
    "Croatia": 1.0663209657163597,
    "Austria": 1.0811183420411525,
    "Mexico": 1.091341685715413,
    "Sweden": 1.1173437505968558,
    "Switzerland": 1.1360134179503365,
    "Japan": 1.149173939670598,
    "Tunisia": 1.1616022096033403,
    "Ivory Coast": 1.166186470322183,
    "Scotland": 1.2173136931391497,
    "Egypt": 1.2216418105169045,
    "Czechia": 1.255874105619643,
    "Iran": 1.264483834369684,
    "Saudi Arabia": 1.2676541655764717,
    "DR Congo": 1.289881111514489,
    "Uzbekistan": 1.2907290438383072,
    "Turkey": 1.3154066516937226,
    "Paraguay": 1.3539024178722774,
    "New Zealand": 1.3771789297752355,
    "Iraq": 1.5079449550017516,
    "Norway": 1.5401396689364018,
    "Bosnia and Herzegovina": 1.5893014905443972,
    "South Korea": 1.6798531248780029,
    "Ghana": 1.7356632512957577,
    "Cape Verde": 1.8902467627638824,
    "Haiti": 1.9595743330642768,
    "Cura\u00e7ao": 1.9748208956111546,
    "Panama": 1.9848069710619651,
    "Qatar": 2.009250573225974,
    "Jordan": 2.169468035713902
}